{
  "nodes": [
    {
      "op": "null", 
      "name": "images", 
      "inputs": []
    }, 
    {
      "op": "tvm_op", 
      "name": "tvmgen_default_fused_cast", 
      "attrs": {
        "num_outputs": "1", 
        "num_inputs": "1", 
        "flatten_data": "0", 
        "func_name": "tvmgen_default_fused_cast", 
        "hash": "dbd8a1f798158004"
      }, 
      "inputs": [
        [
          0, 
          0, 
          0
        ]
      ]
    }, 
    {
      "op": "null", 
      "name": "p149", 
      "inputs": []
    }, 
    {
      "op": "null", 
      "name": "p150", 
      "inputs": []
    }, 
    {
      "op": "tvm_op", 
      "name": "tvmgen_default_fused_nn_conv2d_add_sigmoid_multiply", 
      "attrs": {
        "num_outputs": "1", 
        "num_inputs": "3", 
        "flatten_data": "0", 
        "func_name": "tvmgen_default_fused_nn_conv2d_add_sigmoid_multiply", 
        "out_layout": "", 
        "kernel_layout": "OIHW4o", 
        "data_layout": "NCHW", 
        "hash": "60d175c9a1a58c85"
      }, 
      "inputs": [
        [
          1, 
          0, 
          0
        ], 
        [
          2, 
          0, 
          0
        ], 
        [
          3, 
          0, 
          0
        ]
      ]
    }, 
    {
      "op": "tvm_op", 
      "name": "tvmgen_default_tvmgen_default_mera_drp_main_0", 
      "attrs": {
        "flatten_data": "0", 
        "func_name": "tvmgen_default_tvmgen_default_mera_drp_main_0", 
        "kernel_layout": "OIHW", 
        "data_layout": "NCHW", 
        "out_layout": "", 
        "num_outputs": "3", 
        "num_inputs": "1", 
        "global_symbol": "tvmgen_default_tvmgen_default_mera_drp_main_0", 
        "Compiler": "mera_drp", 
        "hash": "aa2466329972870f"
      }, 
      "inputs": [
        [
          4, 
          0, 
          0
        ]
      ]
    }, 
    {
      "op": "tvm_op", 
      "name": "tvmgen_default_fused_reshape_reshape_reshape_concatenate_split", 
      "attrs": {
        "num_outputs": "2", 
        "num_inputs": "3", 
        "flatten_data": "0", 
        "func_name": "tvmgen_default_fused_reshape_reshape_reshape_concatenate_split", 
        "hash": "3385b69ee208a85f"
      }, 
      "inputs": [
        [
          5, 
          0, 
          0
        ], 
        [
          5, 
          1, 
          0
        ], 
        [
          5, 
          2, 
          0
        ]
      ]
    }, 
    {
      "op": "tvm_op", 
      "name": "tvmgen_default_fused_reshape_transpose_cast", 
      "attrs": {
        "num_outputs": "1", 
        "num_inputs": "2", 
        "flatten_data": "0", 
        "func_name": "tvmgen_default_fused_reshape_transpose_cast", 
        "hash": "a033d134ae488218"
      }, 
      "inputs": [
        [
          6, 
          0, 
          0
        ], 
        [
          6, 
          1, 
          0
        ]
      ]
    }, 
    {
      "op": "tvm_op", 
      "name": "tvmgen_default_fused_nn_softmax", 
      "attrs": {
        "num_outputs": "1", 
        "num_inputs": "1", 
        "flatten_data": "0", 
        "func_name": "tvmgen_default_fused_nn_softmax", 
        "hash": "5a6d2376c2246c2b"
      }, 
      "inputs": [
        [
          7, 
          0, 
          0
        ]
      ]
    }, 
    {
      "op": "tvm_op", 
      "name": "tvmgen_default_tvmgen_default_mera_drp_main_149", 
      "attrs": {
        "flatten_data": "0", 
        "func_name": "tvmgen_default_tvmgen_default_mera_drp_main_149", 
        "kernel_layout": "OIHW", 
        "data_layout": "NCHW", 
        "out_layout": "", 
        "num_outputs": "1", 
        "num_inputs": "1", 
        "global_symbol": "tvmgen_default_tvmgen_default_mera_drp_main_149", 
        "Compiler": "mera_drp", 
        "hash": "310274d3141e608d"
      }, 
      "inputs": [
        [
          8, 
          0, 
          0
        ]
      ]
    }, 
    {
      "op": "tvm_op", 
      "name": "reshape_nop", 
      "attrs": {
        "num_outputs": "1", 
        "num_inputs": "1", 
        "flatten_data": "0", 
        "func_name": "__nop", 
        "hash": "9e0c273722a26689"
      }, 
      "inputs": [
        [
          9, 
          0, 
          0
        ]
      ]
    }, 
    {
      "op": "null", 
      "name": "p151", 
      "inputs": []
    }, 
    {
      "op": "tvm_op", 
      "name": "tvmgen_default_fused_strided_slice_subtract", 
      "attrs": {
        "num_outputs": "1", 
        "num_inputs": "2", 
        "flatten_data": "0", 
        "func_name": "tvmgen_default_fused_strided_slice_subtract", 
        "hash": "feb487a6f008de5a"
      }, 
      "inputs": [
        [
          10, 
          0, 
          0
        ], 
        [
          11, 
          0, 
          0
        ]
      ]
    }, 
    {
      "op": "null", 
      "name": "p152", 
      "inputs": []
    }, 
    {
      "op": "tvm_op", 
      "name": "tvmgen_default_fused_strided_slice_add", 
      "attrs": {
        "num_outputs": "1", 
        "num_inputs": "2", 
        "flatten_data": "0", 
        "func_name": "tvmgen_default_fused_strided_slice_add", 
        "hash": "ed1e14e09de4b8bf"
      }, 
      "inputs": [
        [
          10, 
          0, 
          0
        ], 
        [
          13, 
          0, 
          0
        ]
      ]
    }, 
    {
      "op": "tvm_op", 
      "name": "tvmgen_default_tvmgen_default_mera_drp_main_151", 
      "attrs": {
        "flatten_data": "0", 
        "func_name": "tvmgen_default_tvmgen_default_mera_drp_main_151", 
        "hash": "07fc667993c2391a", 
        "num_outputs": "1", 
        "num_inputs": "2", 
        "global_symbol": "tvmgen_default_tvmgen_default_mera_drp_main_151", 
        "Compiler": "mera_drp"
      }, 
      "inputs": [
        [
          12, 
          0, 
          0
        ], 
        [
          14, 
          0, 
          0
        ]
      ]
    }, 
    {
      "op": "null", 
      "name": "p153", 
      "inputs": []
    }, 
    {
      "op": "null", 
      "name": "p154", 
      "inputs": []
    }, 
    {
      "op": "tvm_op", 
      "name": "tvmgen_default_fused_divide_subtract_concatenate_multiply_sigmoid_concatenate", 
      "attrs": {
        "num_outputs": "1", 
        "num_inputs": "7", 
        "flatten_data": "0", 
        "func_name": "tvmgen_default_fused_divide_subtract_concatenate_multiply_sigmoid_concatenate", 
        "hash": "a9613b3663369ebf"
      }, 
      "inputs": [
        [
          15, 
          0, 
          0
        ], 
        [
          16, 
          0, 
          0
        ], 
        [
          14, 
          0, 
          0
        ], 
        [
          12, 
          0, 
          0
        ], 
        [
          17, 
          0, 
          0
        ], 
        [
          6, 
          0, 
          0
        ], 
        [
          6, 
          1, 
          0
        ]
      ]
    }
  ], 
  "arg_nodes": [0, 2, 3, 11, 13, 16, 17], 
  "heads": [
    [
      18, 
      0, 
      0
    ]
  ], 
  "attrs": {
    "dltype": [
      "list_str", 
      [
        "float32", 
        "float16", 
        "float16", 
        "float16", 
        "float16", 
        "float16", 
        "float16", 
        "float16", 
        "float16", 
        "float16", 
        "float32", 
        "float32", 
        "float16", 
        "float16", 
        "float16", 
        "float16", 
        "float16", 
        "float16", 
        "float16", 
        "float16", 
        "float16", 
        "float16"
      ]
    ], 
    "device_index": [
      "list_int", 
      [
        1, 
        1, 
        1, 
        1, 
        1, 
        1, 
        1, 
        1, 
        1, 
        1, 
        1, 
        1, 
        1, 
        1, 
        1, 
        1, 
        1, 
        1, 
        1, 
        1, 
        1, 
        1
      ]
    ], 
    "storage_id": [
      "list_int", 
      [
        0, 
        1, 
        2, 
        3, 
        4, 
        1, 
        5, 
        6, 
        4, 
        7, 
        1, 
        5, 
        6, 
        6, 
        8, 
        9, 
        10, 
        11, 
        6, 
        12, 
        13, 
        5
      ]
    ], 
    "shape": [
      "list_shape", 
      [
        [1, 3, 640, 640], 
        [1, 3, 640, 640], 
        [4, 3, 6, 6, 4], 
        [1, 16, 1, 1], 
        [1, 16, 320, 320], 
        [1, 144, 80, 80], 
        [1, 144, 40, 40], 
        [1, 144, 20, 20], 
        [1, 64, 8400], 
        [1, 80, 8400], 
        [1, 16, 4, 8400], 
        [1, 16, 4, 8400], 
        [1, 1, 4, 8400], 
        [1, 4, 8400], 
        [1, 2, 8400], 
        [1, 2, 8400], 
        [1, 2, 8400], 
        [1, 2, 8400], 
        [1, 2, 8400], 
        [], 
        [1, 8400], 
        [1, 84, 8400]
      ]
    ]
  }, 
  "node_row_ptr": [
    0, 
    1, 
    2, 
    3, 
    4, 
    5, 
    8, 
    10, 
    11, 
    12, 
    13, 
    14, 
    15, 
    16, 
    17, 
    18, 
    19, 
    20, 
    21, 
    22
  ]
}